CarBuild_YearVolumeID;Mnemonic_Bodystyle;Year;Volume
1;100299;2018;0
2;100299;2019;0
3;100299;2020;0
4;100299;2021;9904
5;100299;2022;141815
6;100299;2023;142524
7;100299;2024;143237
8;100299;2025;143953
9;100416;2018;0
10;100416;2019;0
11;100416;2020;0
12;100416;2021;0
13;100416;2022;206
14;100416;2023;835
15;100416;2024;884
16;100416;2025;902
17;101176;2018;0
18;101176;2019;0
19;101176;2020;0
20;101176;2021;32433,35823
21;101176;2022;67137,05154
22;101176;2023;69486,84834
23;101176;2024;71918,88803
24;101176;2025;74436,04911
25;101181;2018;0
26;101181;2019;0
27;101181;2020;0
28;101181;2021;0
29;101181;2022;0
30;101181;2023;0
31;101181;2024;0
32;101181;2025;0
33;101230;2018;0
34;101230;2019;0
35;101230;2020;0
36;101230;2021;0
37;101230;2022;0
38;101230;2023;0
39;101230;2024;0
40;101230;2025;0
41;101279;2018;0
42;101279;2019;0
43;101279;2020;0
44;101279;2021;0
45;101279;2022;0
46;101279;2023;2596
47;101279;2024;11376
48;101279;2025;11604
49;101318;2018;0
50;101318;2019;0
51;101318;2020;0
52;101318;2021;0
53;101318;2022;0
54;101318;2023;0
55;101318;2024;0
56;101318;2025;0
57;101343;2018;0
58;101343;2019;0
59;101343;2020;0
60;101343;2021;0
61;101343;2022;0
62;101343;2023;0
63;101343;2024;0
64;101343;2025;0
65;101472;2018;0
66;101472;2019;0
67;101472;2020;0
68;101472;2021;0
69;101472;2022;0
70;101472;2023;0
71;101472;2024;0
72;101472;2025;0
73;101488;2018;0
74;101488;2019;0
75;101488;2020;0
76;101488;2021;0
77;101488;2022;0
78;101488;2023;0
79;101488;2024;0
80;101488;2025;0
81;101572;2018;5264
82;101572;2019;2396
83;101572;2020;0
84;101572;2021;0
85;101572;2022;0
86;101572;2023;0
87;101572;2024;0
88;101572;2025;0
89;101573;2018;35405
90;101573;2019;41134
91;101573;2020;12265
92;101573;2021;0
93;101573;2022;0
94;101573;2023;0
95;101573;2024;0
96;101573;2025;0
97;101574;2018;14715
98;101574;2019;16874
99;101574;2020;3070
100;101574;2021;0
101;101574;2022;0
102;101574;2023;0
103;101574;2024;0
104;101574;2025;0
105;101652;2018;40144
106;101652;2019;45702
107;101652;2020;47393
108;101652;2021;38231
109;101652;2022;0
110;101652;2023;0
111;101652;2024;0
112;101652;2025;0
113;102002;2018;17356
114;102002;2019;0
115;102002;2020;0
116;102002;2021;0
117;102002;2022;0
118;102002;2023;0
119;102002;2024;0
120;102002;2025;0
121;102048;2018;0
122;102048;2019;0
123;102048;2020;0
124;102048;2021;0
125;102048;2022;21776
126;102048;2023;50209
127;102048;2024;50460
128;102048;2025;50712
129;102596;2018;0
130;102596;2019;5153
131;102596;2020;5088
132;102596;2021;4539
133;102596;2022;4524
134;102596;2023;4506
135;102596;2024;4256
136;102596;2025;0
137;102869;2018;8930
138;102869;2019;0
139;102869;2020;0
140;102869;2021;0
141;102869;2022;0
142;102869;2023;0
143;102869;2024;0
144;102869;2025;0
145;102925;2018;0
146;102925;2019;0
147;102925;2020;0
148;102925;2021;0
149;102925;2022;0
150;102925;2023;4717
151;102925;2024;11943
152;102925;2025;12003
153;102926;2018;0
154;102926;2019;0
155;102926;2020;0
156;102926;2021;0
157;102926;2022;0
158;102926;2023;39848
159;102926;2024;107246
160;102926;2025;107782
161;102972;2018;0
162;102972;2019;0
163;102972;2020;0
164;102972;2021;0
165;102972;2022;0
166;102972;2023;0
167;102972;2024;0
168;102972;2025;0
169;103248;2018;32689
170;103248;2019;10456,6
171;103248;2020;0
172;103248;2021;0
173;103248;2022;0
174;103248;2023;0
175;103248;2024;0
176;103248;2025;0
177;103393;2018;0
178;103393;2019;0
179;103393;2020;0
180;103393;2021;0
181;103393;2022;0
182;103393;2023;0
183;103393;2024;0
184;103393;2025;0
185;103444;2018;5776
186;103444;2019;0
187;103444;2020;0
188;103444;2021;0
189;103444;2022;0
190;103444;2023;0
191;103444;2024;0
192;103444;2025;0
193;103799;2018;0
194;103799;2019;37045
195;103799;2020;81851
196;103799;2021;85715
197;103799;2022;86572
198;103799;2023;87438
199;103799;2024;66277,99086
200;103799;2025;0
201;103899;2018;0
202;103899;2019;0
203;103899;2020;13133
204;103899;2021;17861
205;103899;2022;18486
206;103899;2023;19133
207;103899;2024;19803
208;103899;2025;20496
209;103949;2018;42598
210;103949;2019;30048,8
211;103949;2020;31250,752
212;103949;2021;0
213;103949;2022;0
214;103949;2023;0
215;103949;2024;0
216;103949;2025;0
217;103985;2018;2048
218;103985;2019;0
219;103985;2020;0
220;103985;2021;0
221;103985;2022;0
222;103985;2023;0
223;103985;2024;0
224;103985;2025;0
225;104001;2018;8551
226;104001;2019;614
227;104001;2020;0
228;104001;2021;0
229;104001;2022;0
230;104001;2023;0
231;104001;2024;0
232;104001;2025;0
233;104002;2018;13206
234;104002;2019;750
235;104002;2020;0
236;104002;2021;0
237;104002;2022;0
238;104002;2023;0
239;104002;2024;0
240;104002;2025;0
241;104043;2018;110834
242;104043;2019;120042
243;104043;2020;118842
244;104043;2021;108939
245;104043;2022;0
246;104043;2023;0
247;104043;2024;0
248;104043;2025;0
249;104168;2018;0
250;104168;2019;0
251;104168;2020;0
252;104168;2021;0
253;104168;2022;0
254;104168;2023;0
255;104168;2024;0
256;104168;2025;0
257;104233;2018;0
258;104233;2019;0
259;104233;2020;0
260;104233;2021;0
261;104233;2022;0
262;104233;2023;0
263;104233;2024;0
264;104233;2025;0
265;104481;2018;8546
266;104481;2019;22171
267;104481;2020;0
268;104481;2021;0
269;104481;2022;0
270;104481;2023;0
271;104481;2024;0
272;104481;2025;0
273;104609;2018;0
274;104609;2019;1508
275;104609;2020;0
276;104609;2021;0
277;104609;2022;0
278;104609;2023;0
279;104609;2024;0
280;104609;2025;0
281;104610;2018;0
282;104610;2019;2263
283;104610;2020;0
284;104610;2021;0
285;104610;2022;0
286;104610;2023;0
287;104610;2024;0
288;104610;2025;0
289;104980;2018;7706
290;104980;2019;3736
291;104980;2020;0
292;104980;2021;0
293;104980;2022;0
294;104980;2023;0
295;104980;2024;0
296;104980;2025;0
297;105096;2018;0
298;105096;2019;44
299;105096;2020;52
300;105096;2021;36
301;105096;2022;27
302;105096;2023;0
303;105096;2024;0
304;105096;2025;0
305;105290;2018;98351
306;105290;2019;35912,45
307;105290;2020;0
308;105290;2021;0
309;105290;2022;0
310;105290;2023;0
311;105290;2024;0
312;105290;2025;0
313;105329;2018;0
314;105329;2019;0
315;105329;2020;0
316;105329;2021;0
317;105329;2022;0
318;105329;2023;0
319;105329;2024;10078
320;105329;2025;12461
321;105403;2018;0
322;105403;2019;0
323;105403;2020;0
324;105403;2021;0
325;105403;2022;0
326;105403;2023;11598
327;105403;2024;29285
328;105403;2025;29871
329;105428;2018;23277
330;105428;2019;18398,19
331;105428;2020;19134,1176
332;105428;2021;19803,81172
333;105428;2022;20496,94513
334;105428;2023;21214,33821
335;105428;2024;21956,84004
336;105428;2025;22725,32944
337;105477;2018;5583
338;105477;2019;0
339;105477;2020;0
340;105477;2021;0
341;105477;2022;0
342;105477;2023;0
343;105477;2024;0
344;105477;2025;0
345;105548;2018;4354
346;105548;2019;5025
347;105548;2020;2006
348;105548;2021;0
349;105548;2022;0
350;105548;2023;0
351;105548;2024;0
352;105548;2025;0
353;105624;2018;0
354;105624;2019;0
355;105624;2020;0
356;105624;2021;0
357;105624;2022;0
358;105624;2023;0
359;105624;2024;0
360;105624;2025;1594
361;105741;2018;89786
362;105741;2019;110551
363;105741;2020;114973
364;105741;2021;89997
365;105741;2022;0
366;105741;2023;0
367;105741;2024;0
368;105741;2025;0
369;105914;2018;30701
370;105914;2019;34275,15
371;105914;2020;5941,026
372;105914;2021;0
373;105914;2022;0
374;105914;2023;0
375;105914;2024;0
376;105914;2025;0
377;105927;2018;25636
378;105927;2019;20611
379;105927;2020;21435
380;105927;2021;22185
381;105927;2022;22961
382;105927;2023;23765
383;105927;2024;24597
384;105927;2025;25458
385;106401;2018;0
386;106401;2019;0
387;106401;2020;0
388;106401;2021;0
389;106401;2022;0
390;106401;2023;0
391;106401;2024;0
392;106401;2025;0
393;106415;2018;0
394;106415;2019;0
395;106415;2020;7252
396;106415;2021;31314
397;106415;2022;30722
398;106415;2023;31777
399;106415;2024;32567
400;106415;2025;33707
401;106555;2018;62810
402;106555;2019;61072
403;106555;2020;63210
404;106555;2021;52675
405;106555;2022;0
406;106555;2023;0
407;106555;2024;0
408;106555;2025;0
409;106683;2018;36545
410;106683;2019;3640
411;106683;2020;0
412;106683;2021;0
413;106683;2022;0
414;106683;2023;0
415;106683;2024;0
416;106683;2025;0
417;106800;2018;37355
418;106800;2019;34622
419;106800;2020;35903
420;106800;2021;37231
421;106800;2022;38609
422;106800;2023;26843
423;106800;2024;28472
424;106800;2025;29184
425;106801;2018;27367
426;106801;2019;28220
427;106801;2020;29264
428;106801;2021;30347
429;106801;2022;31470
430;106801;2023;11457
431;106801;2024;0
432;106801;2025;0
433;106816;2018;30979
434;106816;2019;23241
435;106816;2020;24171
436;106816;2021;25017
437;106816;2022;0
438;106816;2023;0
439;106816;2024;0
440;106816;2025;0
441;106818;2018;0
442;106818;2019;0
443;106818;2020;0
444;106818;2021;0
445;106818;2022;0
446;106818;2023;0
447;106818;2024;0
448;106818;2025;0
449;106819;2018;4621
450;106819;2019;4601
451;106819;2020;4754
452;106819;2021;0
453;106819;2022;0
454;106819;2023;0
455;106819;2024;0
456;106819;2025;0
457;106925;2018;0
458;106925;2019;0
459;106925;2020;0
460;106925;2021;0
461;106925;2022;0
462;106925;2023;0
463;106925;2024;0
464;106925;2025;0
465;107000;2018;14431
466;107000;2019;0
467;107000;2020;0
468;107000;2021;0
469;107000;2022;0
470;107000;2023;0
471;107000;2024;0
472;107000;2025;0
473;107048;2018;3987
474;107048;2019;4188
475;107048;2020;4356
476;107048;2021;4604,292
477;107048;2022;3971,20185
478;107048;2023;0
479;107048;2024;0
480;107048;2025;0
481;107049;2018;45012
482;107049;2019;42330
483;107049;2020;44023
484;107049;2021;46532,311
485;107049;2022;40134,11824
486;107049;2023;0
487;107049;2024;0
488;107049;2025;0
489;107050;2018;0
490;107050;2019;0
491;107050;2020;0
492;107050;2021;0
493;107050;2022;0
494;107050;2023;0
495;107050;2024;0
496;107050;2025;0
497;107051;2018;0
498;107051;2019;0
499;107051;2020;0
500;107051;2021;0
501;107051;2022;8821
502;107051;2023;54779
503;107051;2024;56696
504;107051;2025;58680
505;107059;2018;29047
506;107059;2019;32359,35
507;107059;2020;33653,724
508;107059;2021;34831,60434
509;107059;2022;36050,71049
510;107059;2023;37312,48536
511;107059;2024;38618,42235
512;107059;2025;13323,35571
513;107180;2018;0
514;107180;2019;0
515;107180;2020;0
516;107180;2021;0
517;107180;2022;0
518;107180;2023;0
519;107180;2024;0
520;107180;2025;0
521;107315;2018;0
522;107315;2019;0
523;107315;2020;0
524;107315;2021;0
525;107315;2022;0
526;107315;2023;0
527;107315;2024;0
528;107315;2025;0
529;107336;2018;0
530;107336;2019;0
531;107336;2020;0
532;107336;2021;0
533;107336;2022;0
534;107336;2023;0
535;107336;2024;0
536;107336;2025;26646,71142
537;107383;2018;0
538;107383;2019;0
539;107383;2020;0
540;107383;2021;0
541;107383;2022;0
542;107383;2023;0
543;107383;2024;0
544;107383;2025;0
545;107409;2018;0
546;107409;2019;0
547;107409;2020;0
548;107409;2021;0
549;107409;2022;0
550;107409;2023;35051
551;107409;2024;84622
552;107409;2025;87584
553;107410;2018;84303
554;107410;2019;67097
555;107410;2020;69445
556;107410;2021;71876
557;107410;2022;42976
558;107410;2023;0
559;107410;2024;0
560;107410;2025;0
561;107485;2018;31009
562;107485;2019;23068
563;107485;2020;23990,72
564;107485;2021;0
565;107485;2022;0
566;107485;2023;0
567;107485;2024;0
568;107485;2025;0
569;107540;2018;36656
570;107540;2019;17820
571;107540;2020;17534
572;107540;2021;0
573;107540;2022;0
574;107540;2023;0
575;107540;2024;0
576;107540;2025;0
577;107702;2018;76773
578;107702;2019;70774
579;107702;2020;78949
580;107702;2021;82428
581;107702;2022;85313
582;107702;2023;46709
583;107702;2024;0
584;107702;2025;0
585;107880;2018;24456
586;107880;2019;24701
587;107880;2020;24947
588;107880;2021;25438
589;107880;2022;26179
590;107880;2023;23455
591;107880;2024;0
592;107880;2025;0
593;108009;2018;0
594;108009;2019;1558
595;108009;2020;2047
596;108009;2021;2119
597;108009;2022;2183
598;108009;2023;2238
599;108009;2024;2283
600;108009;2025;2329
601;108182;2018;0
602;108182;2019;0
603;108182;2020;0
604;108182;2021;0
605;108182;2022;0
606;108182;2023;0
607;108182;2024;0
608;108182;2025;0
609;108596;2018;0
610;108596;2019;42264,676
611;108596;2020;196554
612;108596;2021;203433
613;108596;2022;210553
614;108596;2023;221081
615;108596;2024;238767
616;108596;2025;257868
617;108767;2018;0
618;108767;2019;0
619;108767;2020;0
620;108767;2021;0
621;108767;2022;0
622;108767;2023;0
623;108767;2024;0
624;108767;2025;0
625;108793;2018;5429
626;108793;2019;5924
627;108793;2020;6161
628;108793;2021;5662
629;108793;2022;2494
630;108793;2023;0
631;108793;2024;0
632;108793;2025;0
633;108883;2018;4632
634;108883;2019;404
635;108883;2020;0
636;108883;2021;0
637;108883;2022;0
638;108883;2023;0
639;108883;2024;0
640;108883;2025;0
641;108994;2018;39628
642;108994;2019;34995
643;108994;2020;0
644;108994;2021;0
645;108994;2022;0
646;108994;2023;0
647;108994;2024;0
648;108994;2025;0
649;109038;2018;0
650;109038;2019;0
651;109038;2020;0
652;109038;2021;0
653;109038;2022;0
654;109038;2023;0
655;109038;2024;0
656;109038;2025;0
657;109347;2018;0
658;109347;2019;0
659;109347;2020;0
660;109347;2021;0
661;109347;2022;0
662;109347;2023;0
663;109347;2024;0
664;109347;2025;0
665;109393;2018;0
666;109393;2019;0
667;109393;2020;29705,13
668;109393;2021;36893,77146
669;109393;2022;38185,05346
670;109393;2023;39521,53033
671;109393;2024;40904,78389
672;109393;2025;42336,45133
673;109475;2018;30340
674;109475;2019;31622,85
675;109475;2020;32887,764
676;109475;2021;33874
677;109475;2022;0
678;109475;2023;0
679;109475;2024;0
680;109475;2025;0
681;109650;2018;81198
682;109650;2019;60262,65
683;109650;2020;62673,156
684;109650;2021;32433,35823
685;109650;2022;0
686;109650;2023;0
687;109650;2024;0
688;109650;2025;0
689;109723;2018;89320
690;109723;2019;93860,606
691;109723;2020;97615
692;109723;2021;101032
693;109723;2022;104568
694;109723;2023;108228
695;109723;2024;47115
696;109723;2025;0
697;109983;2018;113749
698;109983;2019;60730
699;109983;2020;0
700;109983;2021;0
701;109983;2022;0
702;109983;2023;0
703;109983;2024;0
704;109983;2025;0
705;110141;2018;0
706;110141;2019;0
707;110141;2020;0
708;110141;2021;0
709;110141;2022;0
710;110141;2023;0
711;110141;2024;0
712;110141;2025;0
713;110142;2018;0
714;110142;2019;0
715;110142;2020;0
716;110142;2021;0
717;110142;2022;17834
718;110142;2023;49065
719;110142;2024;49310
720;110142;2025;50050
721;110147;2018;0
722;110147;2019;0
723;110147;2020;0
724;110147;2021;0
725;110147;2022;0
726;110147;2023;0
727;110147;2024;0
728;110147;2025;0
729;110208;2018;30698
730;110208;2019;26306,7
731;110208;2020;27358,968
732;110208;2021;7079,13297
733;110208;2022;0
734;110208;2023;0
735;110208;2024;0
736;110208;2025;0
737;110444;2018;98422
738;110444;2019;99406
739;110444;2020;101359
740;110444;2021;103031
741;110444;2022;106033
742;110444;2023;65657
743;110444;2024;0
744;110444;2025;0
745;110445;2018;7963
746;110445;2019;8043
747;110445;2020;8018
748;110445;2021;8503
749;110445;2022;8751
750;110445;2023;6075
751;110445;2024;0
752;110445;2025;0
753;110569;2018;0
754;110569;2019;0
755;110569;2020;0
756;110569;2021;0
757;110569;2022;0
758;110569;2023;0
759;110569;2024;0
760;110569;2025;0
761;110574;2018;53890
762;110574;2019;54050
763;110574;2020;53510
764;110574;2021;49051
765;110574;2022;0
766;110574;2023;0
767;110574;2024;0
768;110574;2025;0
769;110653;2018;65565
770;110653;2019;55152
771;110653;2020;57082
772;110653;2021;61413
773;110653;2022;50104
774;110653;2023;51607
775;110653;2024;53155
776;110653;2025;55015
777;111140;2018;0
778;111140;2019;0
779;111140;2020;0
780;111140;2021;0
781;111140;2022;31698
782;111140;2023;77288
783;111140;2024;79993
784;111140;2025;82793
785;111141;2018;34426
786;111141;2019;31681
787;111141;2020;32790
788;111141;2021;33938
789;111141;2022;16318
790;111141;2023;0
791;111141;2024;0
792;111141;2025;0
793;111146;2018;0
794;111146;2019;20913,2
795;111146;2020;32624,592
796;111146;2021;33766,45272
797;111146;2022;34948,27857
798;111146;2023;36171,46831
799;111146;2024;37437,46971
800;111146;2025;38747,78115
801;111264;2018;7341
802;111264;2019;9860,55
803;111264;2020;10254,972
804;111264;2021;10613,89602
805;111264;2022;10985,38238
806;111264;2023;11369,87076
807;111264;2024;11767,81624
808;111264;2025;12179,68981
809;111364;2018;15552
810;111364;2019;26208
811;111364;2020;26732
812;111364;2021;27267
813;111364;2022;27812
814;111364;2023;15373
815;111364;2024;0
816;111364;2025;0
817;111512;2018;0
818;111512;2019;0
819;111512;2020;0
820;111512;2021;0
821;111512;2022;0
822;111512;2023;0
823;111512;2024;0
824;111512;2025;0
825;111672;2018;0
826;111672;2019;0
827;111672;2020;0
828;111672;2021;0
829;111672;2022;0
830;111672;2023;0
831;111672;2024;0
832;111672;2025;0
833;111721;2018;9963
834;111721;2019;12564
835;111721;2020;12698
836;111721;2021;12513
837;111721;2022;10509
838;111721;2023;9961
839;111721;2024;1179
840;111721;2025;0
841;111751;2018;0
842;111751;2019;0
843;111751;2020;0
844;111751;2021;0
845;111751;2022;0
846;111751;2023;0
847;111751;2024;0
848;111751;2025;0
849;111798;2018;2379
850;111798;2019;0
851;111798;2020;0
852;111798;2021;0
853;111798;2022;0
854;111798;2023;0
855;111798;2024;0
856;111798;2025;0
857;111876;2018;2826
858;111876;2019;2911
859;111876;2020;2955
860;111876;2021;2999
861;111876;2022;1432
862;111876;2023;0
863;111876;2024;0
864;111876;2025;0
865;111877;2018;53706
866;111877;2019;55317
867;111877;2020;56147
868;111877;2021;56989
869;111877;2022;40562
870;111877;2023;0
871;111877;2024;0
872;111877;2025;0
873;111948;2018;753
874;111948;2019;0
875;111948;2020;0
876;111948;2021;0
877;111948;2022;0
878;111948;2023;0
879;111948;2024;0
880;111948;2025;0
881;111979;2018;0
882;111979;2019;0
883;111979;2020;0
884;111979;2021;5301
885;111979;2022;5424
886;111979;2023;5886
887;111979;2024;6101
888;111979;2025;6315
889;111989;2018;6981
890;111989;2019;6007,05
891;111989;2020;6247,332
892;111989;2021;6465,98862
893;111989;2022;6692,298222
894;111989;2023;2308,842886
895;111989;2024;0
896;111989;2025;0
897;112021;2018;15090
898;112021;2019;16708,65
899;112021;2020;17376,996
900;112021;2021;11990
901;112021;2022;0
902;112021;2023;0
903;112021;2024;0
904;112021;2025;0
905;112151;2018;0
906;112151;2019;0
907;112151;2020;0
908;112151;2021;0
909;112151;2022;0
910;112151;2023;0
911;112151;2024;0
912;112151;2025;0
913;112259;2018;0
914;112259;2019;0
915;112259;2020;0
916;112259;2021;0
917;112259;2022;0
918;112259;2023;0
919;112259;2024;0
920;112259;2025;0
921;112296;2018;0
922;112296;2019;0
923;112296;2020;6987
924;112296;2021;11362
925;112296;2022;11760
926;112296;2023;12172
927;112296;2024;12598
928;112296;2025;13039
929;112302;2018;0
930;112302;2019;0
931;112302;2020;0
932;112302;2021;16474
933;112302;2022;64520
934;112302;2023;66778
935;112302;2024;69115
936;112302;2025;71534
937;112308;2018;27842
938;112308;2019;41822,55
939;112308;2020;43495,452
940;112308;2021;45017,79282
941;112308;2022;46593,41557
942;112308;2023;48224,18511
943;112308;2024;49912,03159
944;112308;2025;51658,9527
945;112373;2018;0
946;112373;2019;0
947;112373;2020;0
948;112373;2021;0
949;112373;2022;0
950;112373;2023;2382
951;112373;2024;24407
952;112373;2025;24529
953;112431;2018;0
954;112431;2019;0
955;112431;2020;0
956;112431;2021;0
957;112431;2022;0
958;112431;2023;0
959;112431;2024;64562
960;112431;2025;115586
961;112695;2018;50039
962;112695;2019;55675
963;112695;2020;56789
964;112695;2021;57925
965;112695;2022;27783
966;112695;2023;0
967;112695;2024;0
968;112695;2025;0
969;112722;2018;17111
970;112722;2019;10626
971;112722;2020;10839
972;112722;2021;11056
973;112722;2022;11277
974;112722;2023;10312
975;112722;2024;0
976;112722;2025;0
977;112796;2018;0
978;112796;2019;0
979;112796;2020;0
980;112796;2021;0
981;112796;2022;0
982;112796;2023;4617,685773
983;112796;2024;7168,957163
984;112796;2025;7419,870663
985;112892;2018;0
986;112892;2019;71824,9
987;112892;2020;112046,844
988;112892;2021;115968,4835
989;112892;2022;120027,3805
990;112892;2023;124228,3388
991;112892;2024;128576,3306
992;112892;2025;133076,5022
993;113049;2018;0
994;113049;2019;0
995;113049;2020;0
996;113049;2021;27540
997;113049;2022;113337
998;113049;2023;117304
999;113049;2024;121410
1000;113049;2025;125659
1001;113151;2018;19323
1002;113151;2019;19388
1003;113151;2020;20118
1004;113151;2021;0
1005;113151;2022;0
1006;113151;2023;0
1007;113151;2024;0
1008;113151;2025;0
1009;113324;2018;0
1010;113324;2019;0
1011;113324;2020;0
1012;113324;2021;0
1013;113324;2022;0
1014;113324;2023;0
1015;113324;2024;0
1016;113324;2025;0
1017;113351;2018;101121
1018;113351;2019;93792
1019;113351;2020;97075
1020;113351;2021;110458
1021;113351;2022;122281
1022;113351;2023;126561
1023;113351;2024;130991
1024;113351;2025;135576
1025;113456;2018;0
1026;113456;2019;0
1027;113456;2020;0
1028;113456;2021;4459
1029;113456;2022;32757
1030;113456;2023;32921
1031;113456;2024;33086
1032;113456;2025;33251
1033;113457;2018;10374
1034;113457;2019;3347
1035;113457;2020;2375
1036;113457;2021;0
1037;113457;2022;0
1038;113457;2023;0
1039;113457;2024;0
1040;113457;2025;0
1041;113629;2018;0
1042;113629;2019;0
1043;113629;2020;0
1044;113629;2021;21237,39891
1045;113629;2022;29307,6105
1046;113629;2023;30333,37686
1047;113629;2024;31395,04505
1048;113629;2025;32493,87163
1049;113658;2018;0
1050;113658;2019;0
1051;113658;2020;0
1052;113658;2021;0
1053;113658;2022;0
1054;113658;2023;0
1055;113658;2024;0
1056;113658;2025;0
1057;113728;2018;0
1058;113728;2019;0
1059;113728;2020;0
1060;113728;2021;0
1061;113728;2022;0
1062;113728;2023;0
1063;113728;2024;0
1064;113728;2025;0
1065;113756;2018;82295
1066;113756;2019;37003
1067;113756;2020;0
1068;113756;2021;0
1069;113756;2022;0
1070;113756;2023;0
1071;113756;2024;0
1072;113756;2025;0
1073;113772;2018;0
1074;113772;2019;0
1075;113772;2020;0
1076;113772;2021;0
1077;113772;2022;39015,01074
1078;113772;2023;53840,71482
1079;113772;2024;55725,13984
1080;113772;2025;57675,51973
1081;113789;2018;0
1082;113789;2019;0
1083;113789;2020;0
1084;113789;2021;0
1085;113789;2022;0
1086;113789;2023;0
1087;113789;2024;0
1088;113789;2025;0
1089;113879;2018;0
1090;113879;2019;0
1091;113879;2020;0
1092;113879;2021;0
1093;113879;2022;0
1094;113879;2023;0
1095;113879;2024;0
1096;113879;2025;0
1097;113912;2018;15396
1098;113912;2019;6764
1099;113912;2020;4758
1100;113912;2021;0
1101;113912;2022;0
1102;113912;2023;0
1103;113912;2024;0
1104;113912;2025;0
1105;113961;2018;21215
1106;113961;2019;19864
1107;113961;2020;18653
1108;113961;2021;0
1109;113961;2022;0
1110;113961;2023;0
1111;113961;2024;0
1112;113961;2025;0
1113;114047;2018;0
1114;114047;2019;0
1115;114047;2020;0
1116;114047;2021;0
1117;114047;2022;25893
1118;114047;2023;26799
1119;114047;2024;27737
1120;114047;2025;28708
1121;114049;2018;0
1122;114049;2019;0
1123;114049;2020;0
1124;114049;2021;0
1125;114049;2022;0
1126;114049;2023;0
1127;114049;2024;0
1128;114049;2025;0
1129;114276;2018;172204
1130;114276;2019;146729,742
1131;114276;2020;0
1132;114276;2021;0
1133;114276;2022;0
1134;114276;2023;0
1135;114276;2024;0
1136;114276;2025;0
1137;114404;2018;1079
1138;114404;2019;781
1139;114404;2020;0
1140;114404;2021;0
1141;114404;2022;0
1142;114404;2023;0
1143;114404;2024;0
1144;114404;2025;0
1145;114555;2018;0
1146;114555;2019;0
1147;114555;2020;0
1148;114555;2021;0
1149;114555;2022;23217
1150;114555;2023;45753
1151;114555;2024;48041
1152;114555;2025;50443
1153;114634;2018;0
1154;114634;2019;0
1155;114634;2020;0
1156;114634;2021;0
1157;114634;2022;0
1158;114634;2023;0
1159;114634;2024;0
1160;114634;2025;0
1161;114746;2018;0
1162;114746;2019;0
1163;114746;2020;0
1164;114746;2021;17073
1165;114746;2022;70213
1166;114746;2023;72670
1167;114746;2024;75213
1168;114746;2025;77845
1169;114829;2018;0
1170;114829;2019;0
1171;114829;2020;0
1172;114829;2021;25147
1173;114829;2022;27708
1174;114829;2023;31425
1175;114829;2024;37410
1176;114829;2025;40260
1177;114929;2018;27096
1178;114929;2019;26259,45
1179;114929;2020;27309,828
1180;114929;2021;9285,34152
1181;114929;2022;0
1182;114929;2023;0
1183;114929;2024;0
1184;114929;2025;0
1185;114943;2018;0
1186;114943;2019;0
1187;114943;2020;0
1188;114943;2021;0
1189;114943;2022;0
1190;114943;2023;0
1191;114943;2024;0
1192;114943;2025;0
1193;115016;2018;0
1194;115016;2019;0
1195;115016;2020;0
1196;115016;2021;0
1197;115016;2022;0
1198;115016;2023;0
1199;115016;2024;0
1200;115016;2025;0
1201;115032;2018;0
1202;115032;2019;44928
1203;115032;2020;90293
1204;115032;2021;93453
1205;115032;2022;98126
1206;115032;2023;105976
1207;115032;2024;117685
1208;115032;2025;123569
1209;115419;2018;5989
1210;115419;2019;4076
1211;115419;2020;3640
1212;115419;2021;2650
1213;115419;2022;2730
1214;115419;2023;0
1215;115419;2024;0
1216;115419;2025;0
1217;115420;2018;0
1218;115420;2019;0
1219;115420;2020;0
1220;115420;2021;0
1221;115420;2022;0
1222;115420;2023;2812
1223;115420;2024;2896
1224;115420;2025;2983
1225;115553;2018;0
1226;115553;2019;0
1227;115553;2020;0
1228;115553;2021;0
1229;115553;2022;0
1230;115553;2023;0
1231;115553;2024;0
1232;115553;2025;0
1233;115554;2018;0
1234;115554;2019;0
1235;115554;2020;0
1236;115554;2021;0
1237;115554;2022;0
1238;115554;2023;0
1239;115554;2024;0
1240;115554;2025;0
1241;115881;2018;0
1242;115881;2019;0
1243;115881;2020;0
1244;115881;2021;0
1245;115881;2022;0
1246;115881;2023;0
1247;115881;2024;0
1248;115881;2025;0
1249;115882;2018;0
1250;115882;2019;0
1251;115882;2020;0
1252;115882;2021;0
1253;115882;2022;0
1254;115882;2023;0
1255;115882;2024;0
1256;115882;2025;0
1257;115939;2018;0
1258;115939;2019;0
1259;115939;2020;0
1260;115939;2021;0
1261;115939;2022;0
1262;115939;2023;0
1263;115939;2024;0
1264;115939;2025;0
1265;116329;2018;1854
1266;116329;2019;1485
1267;116329;2020;0
1268;116329;2021;0
1269;116329;2022;0
1270;116329;2023;0
1271;116329;2024;0
1272;116329;2025;0
1273;116330;2018;0
1274;116330;2019;0
1275;116330;2020;0
1276;116330;2021;0
1277;116330;2022;0
1278;116330;2023;0
1279;116330;2024;0
1280;116330;2025;0
1281;117557;2018;4727
1282;117557;2019;2478
1283;117557;2020;2515
1284;117557;2021;2577,875
1285;117557;2022;0
1286;117557;2023;0
1287;117557;2024;0
1288;117557;2025;0
1289;117558;2018;0
1290;117558;2019;0
1291;117558;2020;0
1292;117558;2021;0
1293;117558;2022;0
1294;117558;2023;0
1295;117558;2024;0
1296;117558;2025;0
1297;117561;2018;0
1298;117561;2019;0
1299;117561;2020;0
1300;117561;2021;0
1301;117561;2022;0
1302;117561;2023;0
1303;117561;2024;0
1304;117561;2025;0
1305;117562;2018;0
1306;117562;2019;0
1307;117562;2020;0
1308;117562;2021;0
1309;117562;2022;2603,65375
1310;117562;2023;2629,690288
1311;117562;2024;2669,135642
1312;117562;2025;2709,172676
1313;117563;2018;0
1314;117563;2019;0
1315;117563;2020;0
1316;117563;2021;0
1317;117563;2022;0
1318;117563;2023;0
1319;117563;2024;0
1320;117563;2025;0
1321;117564;2018;4487
1322;117564;2019;0
1323;117564;2020;0
1324;117564;2021;0
1325;117564;2022;0
1326;117564;2023;0
1327;117564;2024;0
1328;117564;2025;0
1329;117688;2018;0
1330;117688;2019;0
1331;117688;2020;0
1332;117688;2021;0
1333;117688;2022;0
1334;117688;2023;0
1335;117688;2024;0
1336;117688;2025;0
1337;117692;2018;0
1338;117692;2019;38813
1339;117692;2020;45442
1340;117692;2021;46351
1341;117692;2022;47278
1342;117692;2023;48224
1343;117692;2024;49188
1344;117692;2025;50172
1345;117720;2018;39339
1346;117720;2019;35823
1347;117720;2020;36539
1348;117720;2021;37270
1349;117720;2022;38015
1350;117720;2023;19240
1351;117720;2024;0
1352;117720;2025;0
1353;118209;2018;21217
1354;118209;2019;18010
1355;118209;2020;15740
1356;118209;2021;5787
1357;118209;2022;0
1358;118209;2023;0
1359;118209;2024;0
1360;118209;2025;0
1361;118210;2018;0
1362;118210;2019;0
1363;118210;2020;0
1364;118210;2021;11847
1365;118210;2022;15795
1366;118210;2023;15183
1367;118210;2024;15714
1368;118210;2025;16264
1369;118211;2018;3212
1370;118211;2019;1026
1371;118211;2020;0
1372;118211;2021;0
1373;118211;2022;0
1374;118211;2023;0
1375;118211;2024;0
1376;118211;2025;0
1377;118212;2018;0
1378;118212;2019;0
1379;118212;2020;0
1380;118212;2021;0
1381;118212;2022;0
1382;118212;2023;0
1383;118212;2024;0
1384;118212;2025;0
1385;118213;2018;0
1386;118213;2019;3926
1387;118213;2020;4044
1388;118213;2021;4165
1389;118213;2022;4290
1390;118213;2023;4419
1391;118213;2024;4552
1392;118213;2025;4689
1393;118364;2018;0
1394;118364;2019;2311
1395;118364;2020;1896
1396;118364;2021;1072
1397;118364;2022;0
1398;118364;2023;0
1399;118364;2024;0
1400;118364;2025;0
1401;119538;2018;3185
1402;119538;2019;3562
1403;119538;2020;3687
1404;119538;2021;0
1405;119538;2022;0
1406;119538;2023;0
1407;119538;2024;0
1408;119538;2025;0
1409;119539;2018;0
1410;119539;2019;0
1411;119539;2020;0
1412;119539;2021;3816
1413;119539;2022;3950
1414;119539;2023;4088
1415;119539;2024;4231
1416;119539;2025;4379
1417;119540;2018;3915
1418;119540;2019;4186
1419;119540;2020;4333
1420;119540;2021;4485
1421;119540;2022;0
1422;119540;2023;0
1423;119540;2024;0
1424;119540;2025;0
1425;119541;2018;0
1426;119541;2019;0
1427;119541;2020;0
1428;119541;2021;0
1429;119541;2022;4642
1430;119541;2023;4804
1431;119541;2024;4972
1432;119541;2025;5146
1433;121857;2018;48206
1434;121857;2019;56307,3
1435;121857;2020;58559,592
1436;121857;2021;60609,17772
1437;121857;2022;62730,49894
1438;121857;2023;48694,5498
1439;121857;2024;0
1440;121857;2025;0
1441;121858;2018;0
1442;121858;2019;0
1443;121858;2020;0
1444;121858;2021;0
1445;121858;2022;0
1446;121858;2023;16231,5166
1447;121858;2024;67198,47873
1448;121858;2025;69550,42548
1449;122031;2018;2702
1450;122031;2019;2802
1451;122031;2020;2989
1452;122031;2021;2121
1453;122031;2022;734
1454;122031;2023;0
1455;122031;2024;0
1456;122031;2025;0
1457;122032;2018;0
1458;122032;2019;0
1459;122032;2020;0
1460;122032;2021;0
1461;122032;2022;2000
1462;122032;2023;3076
1463;122032;2024;3466
1464;122032;2025;3569
1465;122033;2018;2799
1466;122033;2019;0
1467;122033;2020;0
1468;122033;2021;0
1469;122033;2022;0
1470;122033;2023;0
1471;122033;2024;0
1472;122033;2025;0
1473;122035;2018;0
1474;122035;2019;0
1475;122035;2020;0
1476;122035;2021;0
1477;122035;2022;0
1478;122035;2023;0
1479;122035;2024;0
1480;122035;2025;0
1481;122037;2018;0
1482;122037;2019;0
1483;122037;2020;0
1484;122037;2021;0
1485;122037;2022;0
1486;122037;2023;0
1487;122037;2024;0
1488;122037;2025;0
1489;122137;2018;0
1490;122137;2019;0
1491;122137;2020;1612
1492;122137;2021;2875
1493;122137;2022;2820
1494;122137;2023;2771
1495;122137;2024;2956
1496;122137;2025;2977
1497;122138;2018;0
1498;122138;2019;0
1499;122138;2020;0
1500;122138;2021;0
1501;122138;2022;0
1502;122138;2023;0
1503;122138;2024;0
1504;122138;2025;0
1505;122178;2018;27940
1506;122178;2019;44148,3
1507;122178;2020;45914,232
1508;122178;2021;47521,23012
1509;122178;2022;0
1510;122178;2023;0
1511;122178;2024;0
1512;122178;2025;0
1513;122179;2018;0
1514;122179;2019;0
1515;122179;2020;0
1516;122179;2021;0
1517;122179;2022;49422,07932
1518;122179;2023;51151,8521
1519;122179;2024;52942,16692
1520;122179;2025;54795,14277
1521;122329;2018;437
1522;122329;2019;1494
1523;122329;2020;1541
1524;122329;2021;1267
1525;122329;2022;1135
1526;122329;2023;1046
1527;122329;2024;1070
1528;122329;2025;1102
1529;122330;2018;0
1530;122330;2019;0
1531;122330;2020;0
1532;122330;2021;0
1533;122330;2022;0
1534;122330;2023;0
1535;122330;2024;0
1536;122330;2025;0
1537;122333;2018;593
1538;122333;2019;0
1539;122333;2020;0
1540;122333;2021;0
1541;122333;2022;0
1542;122333;2023;0
1543;122333;2024;0
1544;122333;2025;0
1545;122986;2018;64327
1546;122986;2019;74545
1547;122986;2020;82503
1548;122986;2021;83645
1549;122986;2022;86573
1550;122986;2023;0
1551;122986;2024;0
1552;122986;2025;0
1553;122987;2018;0
1554;122987;2019;0
1555;122987;2020;0
1556;122987;2021;0
1557;122987;2022;0
1558;122987;2023;89603
1559;122987;2024;92739
1560;122987;2025;95985
1561;122988;2018;0
1562;122988;2019;0
1563;122988;2020;0
1564;122988;2021;0
1565;122988;2022;0
1566;122988;2023;0
1567;122988;2024;0
1568;122988;2025;0
1569;123102;2018;0
1570;123102;2019;0
1571;123102;2020;0
1572;123102;2021;0
1573;123102;2022;0
1574;123102;2023;0
1575;123102;2024;0
1576;123102;2025;0
1577;123103;2018;0
1578;123103;2019;0
1579;123103;2020;0
1580;123103;2021;0
1581;123103;2022;0
1582;123103;2023;0
1583;123103;2024;0
1584;123103;2025;0
1585;123308;2018;2316
1586;123308;2019;4563
1587;123308;2020;4551
1588;123308;2021;4296
1589;123308;2022;0
1590;123308;2023;0
1591;123308;2024;0
1592;123308;2025;0
1593;123309;2018;0
1594;123309;2019;0
1595;123309;2020;0
1596;123309;2021;0
1597;123309;2022;7880
1598;123309;2023;8882
1599;123309;2024;9570
1600;123309;2025;9693
1601;123310;2018;0
1602;123310;2019;4875
1603;123310;2020;5466
1604;123310;2021;4047
1605;123310;2022;3412
1606;123310;2023;437
1607;123310;2024;0
1608;123310;2025;0
1609;123311;2018;0
1610;123311;2019;0
1611;123311;2020;0
1612;123311;2021;0
1613;123311;2022;0
1614;123311;2023;3990
1615;123311;2024;4967
1616;123311;2025;5122
1617;123317;2018;0
1618;123317;2019;0
1619;123317;2020;0
1620;123317;2021;0
1621;123317;2022;0
1622;123317;2023;0
1623;123317;2024;0
1624;123317;2025;0
1625;123396;2018;0
1626;123396;2019;0
1627;123396;2020;0
1628;123396;2021;0
1629;123396;2022;0
1630;123396;2023;0
1631;123396;2024;0
1632;123396;2025;0
1633;123406;2018;0
1634;123406;2019;0
1635;123406;2020;0
1636;123406;2021;0
1637;123406;2022;0
1638;123406;2023;0
1639;123406;2024;0
1640;123406;2025;0
1641;123415;2018;77077
1642;123415;2019;97183,8
1643;123415;2020;101071,152
1644;123415;2021;104608,6423
1645;123415;2022;108269,9448
1646;123415;2023;112059,3929
1647;123415;2024;115981,4716
1648;123415;2025;120040,8231
1649;123416;2018;0
1650;123416;2019;0
1651;123416;2020;0
1652;123416;2021;0
1653;123416;2022;0
1654;123416;2023;0
1655;123416;2024;0
1656;123416;2025;0
1657;123546;2018;0
1658;123546;2019;0
1659;123546;2020;0
1660;123546;2021;0
1661;123546;2022;0
1662;123546;2023;0
1663;123546;2024;0
1664;123546;2025;0
1665;123547;2018;48129
1666;123547;2019;51025,8
1667;123547;2020;53066,832
1668;123547;2021;0
1669;123547;2022;0
1670;123547;2023;0
1671;123547;2024;0
1672;123547;2025;0
1673;123548;2018;0
1674;123548;2019;0
1675;123548;2020;0
1676;123548;2021;55454,83944
1677;123548;2022;57395,75882
1678;123548;2023;59404,61038
1679;123548;2024;61483,77174
1680;123548;2025;63635,70375
1681;123549;2018;0
1682;123549;2019;0
1683;123549;2020;0
1684;123549;2021;0
1685;123549;2022;0
1686;123549;2023;0
1687;123549;2024;0
1688;123549;2025;0
1689;123635;2018;48457
1690;123635;2019;46693,5
1691;123635;2020;48561,24
1692;123635;2021;50260,8834
1693;123635;2022;13005,00358
1694;123635;2023;0
1695;123635;2024;0
1696;123635;2025;0
1697;123636;2018;10260
1698;123636;2019;9821,56
1699;123636;2020;9821,56
1700;123636;2021;10214,4224
1701;123636;2022;4404,96966
1702;123636;2023;0
1703;123636;2024;0
1704;123636;2025;0
1705;123637;2018;0
1706;123637;2019;0
1707;123637;2020;0
1708;123637;2021;0
1709;123637;2022;6166,957524
1710;123637;2023;10941,94464
1711;123637;2024;11324,9127
1712;123637;2025;11721,28464
1713;123638;2018;0
1714;123638;2019;0
1715;123638;2020;0
1716;123638;2021;0
1717;123638;2022;0
1718;123638;2023;0
1719;123638;2024;0
1720;123638;2025;0
1721;123802;2018;0
1722;123802;2019;0
1723;123802;2020;0
1724;123802;2021;0
1725;123802;2022;0
1726;123802;2023;0
1727;123802;2024;22092,66362
1728;123802;2025;89254
1729;123890;2018;66425
1730;123890;2019;73091
1731;123890;2020;80604
1732;123890;2021;83808
1733;123890;2022;86741
1734;123890;2023;89777
1735;123890;2024;50243
1736;123890;2025;0
1737;123891;2018;0
1738;123891;2019;0
1739;123891;2020;0
1740;123891;2021;0
1741;123891;2022;0
1742;123891;2023;0
1743;123891;2024;36602
1744;123891;2025;89885
1745;123893;2018;6027
1746;123893;2019;16137,45
1747;123893;2020;16782,948
1748;123893;2021;17370,35118
1749;123893;2022;17978,31347
1750;123893;2023;18607,55444
1751;123893;2024;19258,81885
1752;123893;2025;19932,87751
1753;124636;2018;0
1754;124636;2019;0
1755;124636;2020;0
1756;124636;2021;0
1757;124636;2022;0
1758;124636;2023;0
1759;124636;2024;0
1760;124636;2025;0
1761;124640;2018;0
1762;124640;2019;0
1763;124640;2020;0
1764;124640;2021;0
1765;124640;2022;11229
1766;124640;2023;11622
1767;124640;2024;12029
1768;124640;2025;12450
1769;124641;2018;0
1770;124641;2019;0
1771;124641;2020;0
1772;124641;2021;0
1773;124641;2022;0
1774;124641;2023;0
1775;124641;2024;0
1776;124641;2025;0
1777;124720;2018;0
1778;124720;2019;0
1779;124720;2020;4147
1780;124720;2021;4292
1781;124720;2022;4442
1782;124720;2023;4597
1783;124720;2024;4758
1784;124720;2025;4925
1785;124721;2018;0
1786;124721;2019;0
1787;124721;2020;0
1788;124721;2021;0
1789;124721;2022;0
1790;124721;2023;0
1791;124721;2024;0
1792;124721;2025;0
1793;124737;2018;1505
1794;124737;2019;1480
1795;124737;2020;1420
1796;124737;2021;1027
1797;124737;2022;858
1798;124737;2023;721
1799;124737;2024;691
1800;124737;2025;633
1801;124977;2018;0
1802;124977;2019;0
1803;124977;2020;32824
1804;124977;2021;45297
1805;124977;2022;46882
1806;124977;2023;48523
1807;124977;2024;50221
1808;124977;2025;51979
1809;125107;2018;0
1810;125107;2019;0
1811;125107;2020;22604
1812;125107;2021;30586
1813;125107;2022;31657
1814;125107;2023;32765
1815;125107;2024;34139
1816;125107;2025;34958
1817;125108;2018;0
1818;125108;2019;0
1819;125108;2020;0
1820;125108;2021;0
1821;125108;2022;0
1822;125108;2023;0
1823;125108;2024;0
1824;125108;2025;0
1825;125187;2018;0
1826;125187;2019;0
1827;125187;2020;0
1828;125187;2021;0
1829;125187;2022;0
1830;125187;2023;0
1831;125187;2024;0
1832;125187;2025;0
1833;125192;2018;0
1834;125192;2019;0
1835;125192;2020;0
1836;125192;2021;0
1837;125192;2022;0
1838;125192;2023;0
1839;125192;2024;0
1840;125192;2025;0
1841;125193;2018;0
1842;125193;2019;0
1843;125193;2020;0
1844;125193;2021;0
1845;125193;2022;0
1846;125193;2023;0
1847;125193;2024;0
1848;125193;2025;0
1849;125322;2018;0
1850;125322;2019;0
1851;125322;2020;0
1852;125322;2021;0
1853;125322;2022;0
1854;125322;2023;0
1855;125322;2024;13386,18858
1856;125322;2025;16625,64622
1857;125684;2018;11441
1858;125684;2019;6384
1859;125684;2020;0
1860;125684;2021;0
1861;125684;2022;0
1862;125684;2023;0
1863;125684;2024;0
1864;125684;2025;0
1865;125685;2018;0
1866;125685;2019;5245
1867;125685;2020;16395
1868;125685;2021;16969
1869;125685;2022;17563
1870;125685;2023;18178
1871;125685;2024;18632
1872;125685;2025;18949
1873;125695;2018;7676
1874;125695;2019;816
1875;125695;2020;1019
1876;125695;2021;2490
1877;125695;2022;2435
1878;125695;2023;2421
1879;125695;2024;2235
1880;125695;2025;0
1881;125696;2018;0
1882;125696;2019;0
1883;125696;2020;0
1884;125696;2021;0
1885;125696;2022;0
1886;125696;2023;0
1887;125696;2024;0
1888;125696;2025;6678
1889;125698;2018;0
1890;125698;2019;0
1891;125698;2020;0
1892;125698;2021;0
1893;125698;2022;0
1894;125698;2023;0
1895;125698;2024;0
1896;125698;2025;0
1897;125759;2018;0
1898;125759;2019;211
1899;125759;2020;265
1900;125759;2021;303
1901;125759;2022;192
1902;125759;2023;0
1903;125759;2024;0
1904;125759;2025;0
1905;125760;2018;0
1906;125760;2019;0
1907;125760;2020;0
1908;125760;2021;0
1909;125760;2022;136
1910;125760;2023;386
1911;125760;2024;370
1912;125760;2025;331
1913;126054;2018;26214
1914;126054;2019;53925,94286
1915;126054;2020;56082,98057
1916;126054;2021;58045,88489
1917;126054;2022;60077,49086
1918;126054;2023;62180,20304
1919;126054;2024;64356,51015
1920;126054;2025;66609
1921;126055;2018;0
1922;126055;2019;0
1923;126055;2020;0
1924;126055;2021;0
1925;126055;2022;0
1926;126055;2023;0
1927;126055;2024;0
1928;126055;2025;0
1929;126056;2018;20718
1930;126056;2019;42619,88571
1931;126056;2020;44324,68114
1932;126056;2021;45876,04498
1933;126056;2022;47481,70656
1934;126056;2023;49143,56629
1935;126056;2024;50864
1936;126056;2025;52644
1937;126057;2018;0
1938;126057;2019;0
1939;126057;2020;0
1940;126057;2021;0
1941;126057;2022;0
1942;126057;2023;0
1943;126057;2024;0
1944;126057;2025;0
1945;126066;2018;0
1946;126066;2019;0
1947;126066;2020;0
1948;126066;2021;32342
1949;126066;2022;41947
1950;126066;2023;43415
1951;126066;2024;44935
1952;126066;2025;45850
1953;126067;2018;0
1954;126067;2019;0
1955;126067;2020;0
1956;126067;2021;0
1957;126067;2022;0
1958;126067;2023;0
1959;126067;2024;0
1960;126067;2025;0
1961;126090;2018;0
1962;126090;2019;0
1963;126090;2020;0
1964;126090;2021;0
1965;126090;2022;0
1966;126090;2023;0
1967;126090;2024;0
1968;126090;2025;0
1969;126130;2018;56885
1970;126130;2019;49570
1971;126130;2020;50561
1972;126130;2021;53595
1973;126130;2022;55471
1974;126130;2023;57412
1975;126130;2024;59421
1976;126130;2025;61501
1977;126131;2018;0
1978;126131;2019;0
1979;126131;2020;0
1980;126131;2021;0
1981;126131;2022;0
1982;126131;2023;0
1983;126131;2024;0
1984;126131;2025;0
1985;126439;2018;0
1986;126439;2019;0
1987;126439;2020;23868
1988;126439;2021;32938
1989;126439;2022;34091
1990;126439;2023;35284
1991;126439;2024;36519
1992;126439;2025;37797
1993;126773;2018;1124
1994;126773;2019;6506
1995;126773;2020;5704
1996;126773;2021;4631
1997;126773;2022;4020
1998;126773;2023;3752
1999;126773;2024;1298
2000;126773;2025;0
2001;126774;2018;0
2002;126774;2019;0
2003;126774;2020;0
2004;126774;2021;0
2005;126774;2022;0
2006;126774;2023;0
2007;126774;2024;4251
2008;126774;2025;6877
2009;126775;2018;0
2010;126775;2019;0
2011;126775;2020;0
2012;126775;2021;0
2013;126775;2022;0
2014;126775;2023;0
2015;126775;2024;0
2016;126775;2025;0
2017;126781;2018;75687
2018;126781;2019;71330,924
2019;126781;2020;74184
2020;126781;2021;76780
2021;126781;2022;79467
2022;126781;2023;82248
2023;126781;2024;68020
2024;126781;2025;45346,66667
2025;127180;2018;0
2026;127180;2019;0
2027;127180;2020;0
2028;127180;2021;0
2029;127180;2022;0
2030;127180;2023;0
2031;127180;2024;0
2032;127180;2025;0
2033;127181;2018;0
2034;127181;2019;0
2035;127181;2020;0
2036;127181;2021;0
2037;127181;2022;0
2038;127181;2023;0
2039;127181;2024;0
2040;127181;2025;0
2041;127182;2018;0
2042;127182;2019;1361
2043;127182;2020;1782
2044;127182;2021;1417
2045;127182;2022;1287
2046;127182;2023;1195
2047;127182;2024;1243
2048;127182;2025;162
2049;127183;2018;0
2050;127183;2019;0
2051;127183;2020;0
2052;127183;2021;0
2053;127183;2022;0
2054;127183;2023;0
2055;127183;2024;0
2056;127183;2025;0
2057;127223;2018;5453
2058;127223;2019;0
2059;127223;2020;8840
2060;127223;2021;9149
2061;127223;2022;9469
2062;127223;2023;9800
2063;127223;2024;10143
2064;127223;2025;10498
2065;127224;2018;0
2066;127224;2019;0
2067;127224;2020;0
2068;127224;2021;0
2069;127224;2022;0
2070;127224;2023;0
2071;127224;2024;0
2072;127224;2025;0
2073;127498;2018;0
2074;127498;2019;0
2075;127498;2020;0
2076;127498;2021;0
2077;127498;2022;0
2078;127498;2023;0
2079;127498;2024;0
2080;127498;2025;0
2081;127513;2018;15318
2082;127513;2019;15661,38
2083;127513;2020;15661,38
2084;127513;2021;12215,8764
2085;127513;2022;0
2086;127513;2023;0
2087;127513;2024;0
2088;127513;2025;0
2089;127514;2018;0
2090;127514;2019;0
2091;127514;2020;0
2092;127514;2021;4071,9588
2093;127514;2022;16857,90943
2094;127514;2023;17447,93626
2095;127514;2024;18058,61403
2096;127514;2025;18690,66552
2097;127520;2018;5777
2098;127520;2019;11103,4
2099;127520;2020;11103,4
2100;127520;2021;2886,884
2101;127520;2022;0
2102;127520;2023;0
2103;127520;2024;0
2104;127520;2025;0
2105;127529;2018;0
2106;127529;2019;0
2107;127529;2020;0
2108;127529;2021;8660,652
2109;127529;2022;11951,69976
2110;127529;2023;12370,00925
2111;127529;2024;12802,95958
2112;127529;2025;13251,06316
2113;127530;2018;0
2114;127530;2019;0
2115;127530;2020;0
2116;127530;2021;0
2117;127530;2022;0
2118;127530;2023;0
2119;127530;2024;0
2120;127530;2025;0
2121;127535;2018;0
2122;127535;2019;0
2123;127535;2020;0
2124;127535;2021;0
2125;127535;2022;0
2126;127535;2023;0
2127;127535;2024;0
2128;127535;2025;0
2129;127536;2018;0
2130;127536;2019;0
2131;127536;2020;0
2132;127536;2021;0
2133;127536;2022;0
2134;127536;2023;0
2135;127536;2024;0
2136;127536;2025;0
2137;127537;2018;0
2138;127537;2019;0
2139;127537;2020;0
2140;127537;2021;0
2141;127537;2022;0
2142;127537;2023;0
2143;127537;2024;0
2144;127537;2025;0
2145;127748;2018;100
2146;127748;2019;0
2147;127748;2020;0
2148;127748;2021;0
2149;127748;2022;0
2150;127748;2023;0
2151;127748;2024;0
2152;127748;2025;0
2153;127771;2018;0
2154;127771;2019;0
2155;127771;2020;0
2156;127771;2021;0
2157;127771;2022;0
2158;127771;2023;0
2159;127771;2024;0
2160;127771;2025;0
2161;127772;2018;0
2162;127772;2019;0
2163;127772;2020;0
2164;127772;2021;0
2165;127772;2022;0
2166;127772;2023;0
2167;127772;2024;0
2168;127772;2025;0
2169;127993;2018;989
2170;127993;2019;1985
2171;127993;2020;1791
2172;127993;2021;0
2173;127993;2022;0
2174;127993;2023;0
2175;127993;2024;0
2176;127993;2025;0
2177;128265;2018;0
2178;128265;2019;0
2179;128265;2020;0
2180;128265;2021;0
2181;128265;2022;0
2182;128265;2023;0
2183;128265;2024;0
2184;128265;2025;0
2185;128949;2018;0
2186;128949;2019;0
2187;128949;2020;0
2188;128949;2021;0
2189;128949;2022;0
2190;128949;2023;0
2191;128949;2024;0
2192;128949;2025;0
2193;128957;2018;4811
2194;128957;2019;1680
2195;128957;2020;4069
2196;128957;2021;5826
2197;128957;2022;6686
2198;128957;2023;7769
2199;128957;2024;7972
2200;128957;2025;7858
2201;128958;2018;0
2202;128958;2019;2520
2203;128958;2020;6107
2204;128958;2021;8739
2205;128958;2022;10027
2206;128958;2023;11653
2207;128958;2024;11956
2208;128958;2025;12374
2209;128959;2018;0
2210;128959;2019;786
2211;128959;2020;1361
2212;128959;2021;2034
2213;128959;2022;2361
2214;128959;2023;2751
2215;128959;2024;2724
2216;128959;2025;2658
2217;128960;2018;0
2218;128960;2019;1178
2219;128960;2020;2034
2220;128960;2021;3048
2221;128960;2022;3542
2222;128960;2023;4125
2223;128960;2024;4087
2224;128960;2025;3988
2225;130096;2018;24608
2226;130096;2019;13459,95
2227;130096;2020;13998,348
2228;130096;2021;14488,29018
2229;130096;2022;14995,38034
2230;130096;2023;15520,21865
2231;130096;2024;2677,237717
2232;130096;2025;0
2233;130241;2018;0
2234;130241;2019;0
2235;130241;2020;0
2236;130241;2021;2214
2237;130241;2022;1989
2238;130241;2023;2123
2239;130241;2024;2226
2240;130241;2025;2514
2241;130436;2018;0
2242;130436;2019;9461
2243;130436;2020;9200
2244;130436;2021;7671
2245;130436;2022;6038
2246;130436;2023;0
2247;130436;2024;0
2248;130436;2025;0
2249;130437;2018;0
2250;130437;2019;0
2251;130437;2020;0
2252;130437;2021;0
2253;130437;2022;0
2254;130437;2023;9279
2255;130437;2024;8751
2256;130437;2025;9765
2257;130438;2018;0
2258;130438;2019;0
2259;130438;2020;0
2260;130438;2021;0
2261;130438;2022;0
2262;130438;2023;0
2263;130438;2024;0
2264;130438;2025;0
2265;130439;2018;0
2266;130439;2019;0
2267;130439;2020;0
2268;130439;2021;0
2269;130439;2022;0
2270;130439;2023;0
2271;130439;2024;0
2272;130439;2025;0
2273;130440;2018;0
2274;130440;2019;0
2275;130440;2020;0
2276;130440;2021;0
2277;130440;2022;0
2278;130440;2023;0
2279;130440;2024;0
2280;130440;2025;0
2281;130444;2018;0
2282;130444;2019;0
2283;130444;2020;0
2284;130444;2021;0
2285;130444;2022;0
2286;130444;2023;0
2287;130444;2024;0
2288;130444;2025;0
2289;130801;2018;0
2290;130801;2019;0
2291;130801;2020;0
2292;130801;2021;0
2293;130801;2022;0
2294;130801;2023;0
2295;130801;2024;0
2296;130801;2025;0
2297;130805;2018;0
2298;130805;2019;0
2299;130805;2020;0
2300;130805;2021;0
2301;130805;2022;0
2302;130805;2023;0
2303;130805;2024;0
2304;130805;2025;0
2305;130808;2018;0
2306;130808;2019;0
2307;130808;2020;0
2308;130808;2021;0
2309;130808;2022;0
2310;130808;2023;0
2311;130808;2024;0
2312;130808;2025;0
2313;130809;2018;0
2314;130809;2019;0
2315;130809;2020;0
2316;130809;2021;0
2317;130809;2022;0
2318;130809;2023;0
2319;130809;2024;0
2320;130809;2025;0
2321;130810;2018;0
2322;130810;2019;0
2323;130810;2020;0
2324;130810;2021;0
2325;130810;2022;0
2326;130810;2023;0
2327;130810;2024;0
2328;130810;2025;0
2329;130814;2018;0
2330;130814;2019;0
2331;130814;2020;0
2332;130814;2021;0
2333;130814;2022;0
2334;130814;2023;0
2335;130814;2024;0
2336;130814;2025;0
2337;130815;2018;0
2338;130815;2019;1115
2339;130815;2020;1175
2340;130815;2021;1210
2341;130815;2022;1246
2342;130815;2023;1283
2343;130815;2024;1321
2344;130815;2025;1361
2345;130816;2018;0
2346;130816;2019;0
2347;130816;2020;0
2348;130816;2021;0
2349;130816;2022;0
2350;130816;2023;0
2351;130816;2024;0
2352;130816;2025;0
2353;130975;2018;0
2354;130975;2019;0
2355;130975;2020;0
2356;130975;2021;0
2357;130975;2022;0
2358;130975;2023;0
2359;130975;2024;0
2360;130975;2025;0
2361;131139;2018;19945
2362;131139;2019;18491,55
2363;131139;2020;19138,75425
2364;131139;2021;19808,61065
2365;131139;2022;20501,91202
2366;131139;2023;0
2367;131139;2024;0
2368;131139;2025;0
2369;131140;2018;0
2370;131140;2019;0
2371;131140;2020;0
2372;131140;2021;0
2373;131140;2022;0
2374;131140;2023;21321,9885
2375;131140;2024;22068,2581
2376;131140;2025;22840,64713
2377;131329;2018;0
2378;131329;2019;0
2379;131329;2020;0
2380;131329;2021;0
2381;131329;2022;0
2382;131329;2023;0
2383;131329;2024;0
2384;131329;2025;0
2385;131337;2018;0
2386;131337;2019;0
2387;131337;2020;1621
2388;131337;2021;2409
2389;131337;2022;2050
2390;131337;2023;1735
2391;131337;2024;1387
2392;131337;2025;1199
2393;131338;2018;0
2394;131338;2019;0
2395;131338;2020;0
2396;131338;2021;0
2397;131338;2022;0
2398;131338;2023;0
2399;131338;2024;0
2400;131338;2025;0
2401;131343;2018;26200
2402;131343;2019;30241
2403;131343;2020;7726
2404;131343;2021;0
2405;131343;2022;0
2406;131343;2023;0
2407;131343;2024;0
2408;131343;2025;0
2409;131369;2018;0
2410;131369;2019;3900
2411;131369;2020;5551
2412;131369;2021;3659
2413;131369;2022;2785
2414;131369;2023;2434
2415;131369;2024;1256
2416;131369;2025;0
2417;131370;2018;0
2418;131370;2019;0
2419;131370;2020;0
2420;131370;2021;0
2421;131370;2022;0
2422;131370;2023;0
2423;131370;2024;2940
2424;131370;2025;5005
2425;131372;2018;0
2426;131372;2019;0
2427;131372;2020;0
2428;131372;2021;0
2429;131372;2022;0
2430;131372;2023;0
2431;131372;2024;0
2432;131372;2025;0
2433;131646;2018;2562
2434;131646;2019;1340
2435;131646;2020;0
2436;131646;2021;0
2437;131646;2022;0
2438;131646;2023;0
2439;131646;2024;0
2440;131646;2025;0
2441;131670;2018;0
2442;131670;2019;0
2443;131670;2020;0
2444;131670;2021;0
2445;131670;2022;0
2446;131670;2023;0
2447;131670;2024;0
2448;131670;2025;0
2449;131671;2018;0
2450;131671;2019;0
2451;131671;2020;0
2452;131671;2021;0
2453;131671;2022;0
2454;131671;2023;0
2455;131671;2024;0
2456;131671;2025;0
2457;131817;2018;10712
2458;131817;2019;12661
2459;131817;2020;13104
2460;131817;2021;13563
2461;131817;2022;14038
2462;131817;2023;4625
2463;131817;2024;0
2464;131817;2025;0
2465;131818;2018;0
2466;131818;2019;0
2467;131818;2020;0
2468;131818;2021;1275
2469;131818;2022;1927
2470;131818;2023;1993
2471;131818;2024;1980
2472;131818;2025;1865
2473;131872;2018;0
2474;131872;2019;0
2475;131872;2020;600
2476;131872;2021;648
2477;131872;2022;567
2478;131872;2023;587
2479;131872;2024;608
2480;131872;2025;629
2481;131873;2018;0
2482;131873;2019;0
2483;131873;2020;0
2484;131873;2021;0
2485;131873;2022;0
2486;131873;2023;0
2487;131873;2024;0
2488;131873;2025;0
2489;131920;2018;0
2490;131920;2019;0
2491;131920;2020;0
2492;131920;2021;0
2493;131920;2022;0
2494;131920;2023;0
2495;131920;2024;0
2496;131920;2025;0
2497;132807;2018;0
2498;132807;2019;0
2499;132807;2020;0
2500;132807;2021;0
2501;132807;2022;21657
2502;132807;2023;55971
2503;132807;2024;80069
2504;132807;2025;82871
2505;132809;2018;0
2506;132809;2019;0
2507;132809;2020;0
2508;132809;2021;0
2509;132809;2022;0
2510;132809;2023;0
2511;132809;2024;0
2512;132809;2025;0
2513;132823;2018;0
2514;132823;2019;0
2515;132823;2020;0
2516;132823;2021;0
2517;132823;2022;0
2518;132823;2023;0
2519;132823;2024;0
2520;132823;2025;0
2521;133903;2018;0
2522;133903;2019;0
2523;133903;2020;0
2524;133903;2021;2403
2525;133903;2022;4125
2526;133903;2023;4128
2527;133903;2024;4409
2528;133903;2025;4403
2529;133904;2018;0
2530;133904;2019;0
2531;133904;2020;0
2532;133904;2021;0
2533;133904;2022;0
2534;133904;2023;0
2535;133904;2024;0
2536;133904;2025;0
2537;134529;2018;0
2538;134529;2019;0
2539;134529;2020;0
2540;134529;2021;0
2541;134529;2022;0
2542;134529;2023;0
2543;134529;2024;0
2544;134529;2025;0
2545;134706;2018;0
2546;134706;2019;0
2547;134706;2020;0
2548;134706;2021;0
2549;134706;2022;0
2550;134706;2023;0
2551;134706;2024;0
2552;134706;2025;0
2553;134728;2018;0
2554;134728;2019;0
2555;134728;2020;0
2556;134728;2021;0
2557;134728;2022;0
2558;134728;2023;0
2559;134728;2024;11382
2560;134728;2025;11780
2561;137102;2018;0
2562;137102;2019;0
2563;137102;2020;0
2564;137102;2021;12288
2565;137102;2022;67237
2566;137102;2023;69590
2567;137102;2024;72026
2568;137102;2025;74547
2569;137110;2018;0
2570;137110;2019;0
2571;137110;2020;0
2572;137110;2021;0
2573;137110;2022;0
2574;137110;2023;0
2575;137110;2024;0
2576;137110;2025;0
2577;137113;2018;0
2578;137113;2019;0
2579;137113;2020;0
2580;137113;2021;0
2581;137113;2022;0
2582;137113;2023;0
2583;137113;2024;0
2584;137113;2025;0
2585;137114;2018;0
2586;137114;2019;0
2587;137114;2020;0
2588;137114;2021;0
2589;137114;2022;8517
2590;137114;2023;15304
2591;137114;2024;14396
2592;137114;2025;13784
2593;137115;2018;0
2594;137115;2019;0
2595;137115;2020;0
2596;137115;2021;0
2597;137115;2022;0
2598;137115;2023;0
2599;137115;2024;0
2600;137115;2025;0
2601;137116;2018;0
2602;137116;2019;0
2603;137116;2020;0
2604;137116;2021;0
2605;137116;2022;0
2606;137116;2023;17785
2607;137116;2024;21610
2608;137116;2025;21419
2609;137117;2018;0
2610;137117;2019;0
2611;137117;2020;0
2612;137117;2021;0
2613;137117;2022;0
2614;137117;2023;0
2615;137117;2024;0
2616;137117;2025;0
2617;137600;2018;0
2618;137600;2019;0
2619;137600;2020;0
2620;137600;2021;0
2621;137600;2022;0
2622;137600;2023;0
2623;137600;2024;0
2624;137600;2025;0
2625;137663;2018;0
2626;137663;2019;0
2627;137663;2020;0
2628;137663;2021;0
2629;137663;2022;0
2630;137663;2023;0
2631;137663;2024;0
2632;137663;2025;0
2633;139424;2018;0
2634;139424;2019;0
2635;139424;2020;0
2636;139424;2021;0
2637;139424;2022;0
2638;139424;2023;0
2639;139424;2024;0
2640;139424;2025;0
2641;139425;2018;0
2642;139425;2019;0
2643;139425;2020;0
2644;139425;2021;0
2645;139425;2022;0
2646;139425;2023;0
2647;139425;2024;0
2648;139425;2025;0
2649;139908;2018;0
2650;139908;2019;0
2651;139908;2020;20292
2652;139908;2021;48431
2653;139908;2022;50126
2654;139908;2023;51880
2655;139908;2024;52918
2656;139908;2025;54770
2657;139909;2018;0
2658;139909;2019;0
2659;139909;2020;0
2660;139909;2021;0
2661;139909;2022;0
2662;139909;2023;0
2663;139909;2024;0
2664;139909;2025;0
2665;139910;2018;0
2666;139910;2019;0
2667;139910;2020;0
2668;139910;2021;19243
2669;139910;2022;19917
2670;139910;2023;20614
2671;139910;2024;21335
2672;139910;2025;22082
2673;139911;2018;0
2674;139911;2019;0
2675;139911;2020;0
2676;139911;2021;0
2677;139911;2022;0
2678;139911;2023;0
2679;139911;2024;0
2680;139911;2025;0
2681;139912;2018;0
2682;139912;2019;0
2683;139912;2020;0
2684;139912;2021;0
2685;139912;2022;0
2686;139912;2023;0
2687;139912;2024;0
2688;139912;2025;0
2689;139913;2018;0
2690;139913;2019;0
2691;139913;2020;0
2692;139913;2021;0
2693;139913;2022;0
2694;139913;2023;0
2695;139913;2024;0
2696;139913;2025;0
2697;139914;2018;0
2698;139914;2019;0
2699;139914;2020;0
2700;139914;2021;0
2701;139914;2022;0
2702;139914;2023;0
2703;139914;2024;0
2704;139914;2025;0
2705;139915;2018;0
2706;139915;2019;0
2707;139915;2020;0
2708;139915;2021;0
2709;139915;2022;0
2710;139915;2023;0
2711;139915;2024;0
2712;139915;2025;0
2713;141698;2018;0
2714;141698;2019;0
2715;141698;2020;0
2716;141698;2021;0
2717;141698;2022;0
2718;141698;2023;0
2719;141698;2024;0
2720;141698;2025;0
2721;141699;2018;0
2722;141699;2019;0
2723;141699;2020;0
2724;141699;2021;0
2725;141699;2022;0
2726;141699;2023;0
2727;141699;2024;0
2728;141699;2025;0
2729;141700;2018;0
2730;141700;2019;0
2731;141700;2020;0
2732;141700;2021;43665
2733;141700;2022;48201
2734;141700;2023;49982
2735;141700;2024;50895
2736;141700;2025;52116
2737;141701;2018;0
2738;141701;2019;0
2739;141701;2020;0
2740;141701;2021;0
2741;141701;2022;0
2742;141701;2023;0
2743;141701;2024;0
2744;141701;2025;0
2745;142036;2018;0
2746;142036;2019;0
2747;142036;2020;5174
2748;142036;2021;5936
2749;142036;2022;5441
2750;142036;2023;300
2751;142036;2024;0
2752;142036;2025;0
2753;142037;2018;0
2754;142037;2019;0
2755;142037;2020;0
2756;142037;2021;0
2757;142037;2022;0
2758;142037;2023;6860
2759;142037;2024;6361
2760;142037;2025;5440
2761;142038;2018;0
2762;142038;2019;0
2763;142038;2020;0
2764;142038;2021;0
2765;142038;2022;0
2766;142038;2023;0
2767;142038;2024;0
2768;142038;2025;0
2769;143279;2018;0
2770;143279;2019;0
2771;143279;2020;0
2772;143279;2021;0
2773;143279;2022;0
2774;143279;2023;0
2775;143279;2024;0
2776;143279;2025;0
2777;143281;2018;0
2778;143281;2019;0
2779;143281;2020;0
2780;143281;2021;0
2781;143281;2022;0
2782;143281;2023;0
2783;143281;2024;0
2784;143281;2025;0
2785;143291;2018;0
2786;143291;2019;0
2787;143291;2020;0
2788;143291;2021;0
2789;143291;2022;0
2790;143291;2023;0
2791;143291;2024;0
2792;143291;2025;0
2793;143292;2018;0
2794;143292;2019;0
2795;143292;2020;0
2796;143292;2021;0
2797;143292;2022;0
2798;143292;2023;0
2799;143292;2024;0
2800;143292;2025;0
2801;143524;2018;0
2802;143524;2019;0
2803;143524;2020;0
2804;143524;2021;0
2805;143524;2022;0
2806;143524;2023;0
2807;143524;2024;0
2808;143524;2025;0
2809;143528;2018;0
2810;143528;2019;0
2811;143528;2020;0
2812;143528;2021;0
2813;143528;2022;0
2814;143528;2023;0
2815;143528;2024;0
2816;143528;2025;0
2817;143529;2018;0
2818;143529;2019;0
2819;143529;2020;0
2820;143529;2021;0
2821;143529;2022;0
2822;143529;2023;0
2823;143529;2024;0
2824;143529;2025;0
2825;143846;2018;0
2826;143846;2019;4260
2827;143846;2020;3832
2828;143846;2021;3333
2829;143846;2022;1809
2830;143846;2023;0
2831;143846;2024;0
2832;143846;2025;0
2833;143848;2018;0
2834;143848;2019;0
2835;143848;2020;0
2836;143848;2021;0
2837;143848;2022;2910
2838;143848;2023;6094
2839;143848;2024;5645
2840;143848;2025;5311
2841;143849;2018;0
2842;143849;2019;0
2843;143849;2020;0
2844;143849;2021;0
2845;143849;2022;0
2846;143849;2023;0
2847;143849;2024;0
2848;143849;2025;0
2849;143865;2018;0
2850;143865;2019;0
2851;143865;2020;0
2852;143865;2021;0
2853;143865;2022;0
2854;143865;2023;0
2855;143865;2024;0
2856;143865;2025;0
2857;143866;2018;0
2858;143866;2019;0
2859;143866;2020;0
2860;143866;2021;0
2861;143866;2022;0
2862;143866;2023;0
2863;143866;2024;0
2864;143866;2025;0
2865;144172;2018;0
2866;144172;2019;0
2867;144172;2020;0
2868;144172;2021;0
2869;144172;2022;0
2870;144172;2023;0
2871;144172;2024;0
2872;144172;2025;0
2873;144174;2018;0
2874;144174;2019;0
2875;144174;2020;0
2876;144174;2021;0
2877;144174;2022;0
2878;144174;2023;0
2879;144174;2024;0
2880;144174;2025;0
2881;144490;2018;0
2882;144490;2019;0
2883;144490;2020;0
2884;144490;2021;23523
2885;144490;2022;24346
2886;144490;2023;25198
2887;144490;2024;26080
2888;144490;2025;26993
2889;144491;2018;0
2890;144491;2019;0
2891;144491;2020;0
2892;144491;2021;0
2893;144491;2022;0
2894;144491;2023;0
2895;144491;2024;0
2896;144491;2025;0
2897;144492;2018;0
2898;144492;2019;0
2899;144492;2020;0
2900;144492;2021;0
2901;144492;2022;0
2902;144492;2023;0
2903;144492;2024;0
2904;144492;2025;0
2905;144493;2018;0
2906;144493;2019;0
2907;144493;2020;0
2908;144493;2021;0
2909;144493;2022;0
2910;144493;2023;0
2911;144493;2024;0
2912;144493;2025;0
2913;144494;2018;0
2914;144494;2019;0
2915;144494;2020;0
2916;144494;2021;0
2917;144494;2022;0
2918;144494;2023;0
2919;144494;2024;11501
2920;144494;2025;23523
2921;144495;2018;0
2922;144495;2019;0
2923;144495;2020;0
2924;144495;2021;0
2925;144495;2022;0
2926;144495;2023;0
2927;144495;2024;0
2928;144495;2025;0
2929;144539;2018;0
2930;144539;2019;0
2931;144539;2020;0
2932;144539;2021;0
2933;144539;2022;0
2934;144539;2023;0
2935;144539;2024;0
2936;144539;2025;0
2937;144914;2018;0
2938;144914;2019;0
2939;144914;2020;0
2940;144914;2021;0
2941;144914;2022;0
2942;144914;2023;0
2943;144914;2024;0
2944;144914;2025;0
2945;144915;2018;0
2946;144915;2019;0
2947;144915;2020;0
2948;144915;2021;0
2949;144915;2022;0
2950;144915;2023;0
2951;144915;2024;0
2952;144915;2025;0
2953;144935;2018;0
2954;144935;2019;0
2955;144935;2020;0
2956;144935;2021;0
2957;144935;2022;0
2958;144935;2023;0
2959;144935;2024;0
2960;144935;2025;0
2961;144936;2018;0
2962;144936;2019;0
2963;144936;2020;0
2964;144936;2021;0
2965;144936;2022;0
2966;144936;2023;0
2967;144936;2024;0
2968;144936;2025;0
2969;145577;2018;0
2970;145577;2019;0
2971;145577;2020;19275
2972;145577;2021;19950
2973;145577;2022;17955
2974;145577;2023;8777
2975;145577;2024;0
2976;145577;2025;0
2977;145847;2018;0
2978;145847;2019;1479
2979;145847;2020;1369
2980;145847;2021;844
2981;145847;2022;709
2982;145847;2023;506
2983;145847;2024;374
2984;145847;2025;0
2985;146013;2018;0
2986;146013;2019;0
2987;146013;2020;0
2988;146013;2021;0
2989;146013;2022;0
2990;146013;2023;0
2991;146013;2024;0
2992;146013;2025;0
2993;146453;2018;0
2994;146453;2019;700
2995;146453;2020;3808
2996;146453;2021;2883
2997;146453;2022;2393
2998;146453;2023;2088
2999;146453;2024;2066
3000;146453;2025;1755
3001;146456;2018;0
3002;146456;2019;0
3003;146456;2020;0
3004;146456;2021;0
3005;146456;2022;0
3006;146456;2023;0
3007;146456;2024;0
3008;146456;2025;0
3009;146457;2018;0
3010;146457;2019;0
3011;146457;2020;0
3012;146457;2021;0
3013;146457;2022;0
3014;146457;2023;0
3015;146457;2024;0
3016;146457;2025;0
3017;146458;2018;0
3018;146458;2019;0
3019;146458;2020;0
3020;146458;2021;0
3021;146458;2022;0
3022;146458;2023;0
3023;146458;2024;0
3024;146458;2025;0
3025;146459;2018;0
3026;146459;2019;0
3027;146459;2020;0
3028;146459;2021;0
3029;146459;2022;0
3030;146459;2023;0
3031;146459;2024;0
3032;146459;2025;0
3033;146461;2018;0
3034;146461;2019;0
3035;146461;2020;0
3036;146461;2021;0
3037;146461;2022;0
3038;146461;2023;0
3039;146461;2024;0
3040;146461;2025;0
3041;B002001776;2018;0
3042;B002001776;2019;0
3043;B002001776;2020;0
3044;B002001776;2021;0
3045;B002001776;2022;0
3046;B002001776;2023;0
3047;B002001776;2024;0
3048;B002001776;2025;0
